n,1_over_n,log2_n,12sqrt_n,n_pow_0_51,50sqrt_n,2pow32_n,nlog2n,100n2_plus_6n,n2_minus_324,2n3,n_log2_n,3_pow_n
1,1.000000,0.000000,12.000000,1.000000,50.000000,4294967296,0.000000,106.000000,-323.000000,2.000000,1.000000,3.000000
2,0.500000,1.000000,16.970563,1.424050,70.710678,8589934592,2.000000,412.000000,-320.000000,16.000000,2.000000,9.000000
3,0.333333,1.584963,20.784610,1.751184,86.602540,12884901888,4.754888,918.000000,-315.000000,54.000000,5.704522,27.000000
4,0.250000,2.000000,24.000000,2.027919,100.000000,17179869184,8.000000,1624.000000,-308.000000,128.000000,16.000000,81.000000
5,0.200000,2.321928,26.832816,2.272347,111.803399,21474836480,11.609640,2530.000000,-299.000000,250.000000,41.971848,243.000000
6,0.166667,2.584963,29.393877,2.493774,122.474487,25769803776,15.509775,3636.000000,-288.000000,432.000000,102.681405,729.000000
7,0.142857,2.807355,31.749016,2.697739,132.287566,30064771072,19.651484,4942.000000,-275.000000,686.000000,235.770868,2187.000000
8,0.125000,3.000000,33.941125,2.887858,141.421356,34359738368,24.000000,6448.000000,-260.000000,1024.000000,512.000000,6561.000000
9,0.111111,3.169925,36.000000,3.066646,150.000000,38654705664,28.529325,8154.000000,-243.000000,1458.000000,1058.954227,19683.000000
10,0.100000,3.321928,37.947332,3.235937,158.113883,42949672960,33.219281,10060.000000,-224.000000,2000.000000,2098.592396,59049.000000
11,0.090909,3.459432,39.799497,3.397115,165.831240,47244640256,38.053748,12166.000000,-203.000000,2662.000000,4005.223747,177147.000000
12,0.083333,3.584963,41.569219,3.551260,173.205081,51539607552,43.019550,14472.000000,-180.000000,3456.000000,7393.061153,531441.000000
13,0.076923,3.700440,43.266615,3.699228,180.277564,55834574848,48.105716,16978.000000,-155.000000,4394.000000,13245.861955,1594323.000000
14,0.071429,3.807355,44.899889,3.841716,187.082869,60129542144,53.302969,19684.000000,-128.000000,5488.000000,23105.545058,4782969.000000
15,0.066667,3.906891,46.475800,3.979299,193.649167,64424509440,58.603359,22590.000000,-99.000000,6750.000000,39342.312126,14348907.000000
16,0.062500,4.000000,48.000000,4.112455,200.000000,68719476736,64.000000,25696.000000,-68.000000,8192.000000,65536.000000,43046721.000000
17,0.058824,4.087463,49.477268,4.241593,206.155281,73014444032,69.486868,29002.000000,-35.000000,9826.000000,107007.506497,129140163.000000
18,0.055556,4.169925,50.911688,4.367058,212.132034,77309411328,75.058650,32508.000000,0.000000,11664.000000,171550.584717,387420489.000000
19,0.052632,4.247928,52.306787,4.489152,217.944947,81604378624,80.710623,36214.000000,37.000000,13718.000000,270428.590391,1162261467.000000
20,0.050000,4.321928,53.665631,4.608136,223.606798,85899345920,86.438562,40120.000000,76.000000,16000.000000,419718.479173,3486784401.000000
21,0.047619,4.392317,54.990908,4.724239,229.128785,90194313216,92.238666,44226.000000,117.000000,18522.000000,642106.172840,10460353203.000000
22,0.045455,4.459432,56.284989,4.837663,234.520788,94489280512,98.107496,48532.000000,160.000000,21296.000000,969264.146814,31381059609.000000
23,0.043478,4.523562,57.549978,4.948587,239.791576,98784247808,104.041925,53038.000000,205.000000,24334.000000,1444974.668050,94143178827.000000
24,0.041667,4.584963,58.787754,5.057172,244.948974,103079215104,110.039100,57744.000000,252.000000,27648.000000,2129201.612098,282429536481.000000
25,0.040000,4.643856,60.000000,5.163562,250.000000,107374182400,116.096405,62650.000000,301.000000,31250.000000,3103361.458491,847288609443.000000
26,0.038462,4.700440,61.188234,5.267886,254.950976,111669149696,122.211433,67756.000000,352.000000,35152.000000,4477101.340867,2541865828329.000000
27,0.037037,4.754888,62.353829,5.370263,259.807621,115964116992,128.381963,73062.000000,405.000000,39366.000000,6396960.561985,7625597484987.000000
28,0.035714,4.807355,63.498031,5.470797,264.575131,120259084288,134.605938,78568.000000,460.000000,43904.000000,9057373.662722,22876792454961.000000
29,0.034483,4.857981,64.621978,5.569587,269.258240,124554051584,140.881449,84274.000000,517.000000,48778.000000,12714570.115765,68630377364883.000000
30,0.033333,4.906891,65.726707,5.666721,273.861279,128849018880,147.206718,90180.000000,576.000000,54000.000000,17704040.456755,205891132094649.000000
31,0.032258,4.954196,66.813172,5.762281,278.388218,133143986176,153.580086,96286.000000,637.000000,59582.000000,24462373.961931,617673396283947.000000
32,0.031250,5.000000,67.882251,5.856343,282.842712,137438953472,160.000000,102592.000000,700.000000,65536.000000,33554432.000000,1853020188851841.000000
33,0.030303,5.044394,68.934752,5.948975,287.228132,141733920768,166.465006,109098.000000,765.000000,71874.000000,45707007.512069,5559060566555523.000000
34,0.029412,5.087463,69.971423,6.040241,291.547595,146028888064,172.973737,115804.000000,832.000000,78608.000000,61850338.755481,16677181699666570.000000
35,0.028571,5.129283,70.992957,6.130201,295.803989,150323855360,179.524906,122710.000000,901.000000,85750.000000,83169099.047640,50031545098999704.000000
36,0.027778,5.169925,72.000000,6.218910,300.000000,154618822656,186.117300,129816.000000,972.000000,93312.000000,111164778.896431,150094635296999136.000000
37,0.027027,5.209453,72.993150,6.306420,304.138127,158913789952,192.749775,137122.000000,1045.000000,101306.000000,147731718.366431,450283905890997376.000000
38,0.026316,5.247928,73.972968,6.392778,308.220700,163208757248,199.421246,144628.000000,1120.000000,109744.000000,195249442.262459,1350851717672992000.000000
39,0.025641,5.285402,74.939976,6.478030,312.249900,167503724544,206.130687,152334.000000,1197.000000,118638.000000,256694405.939270,4052555153018976256.000000
40,0.025000,5.321928,75.894664,6.562217,316.227766,171798691840,212.877124,160240.000000,1276.000000,128000.000000,335774783.338666,12157665459056928768.000000
41,0.024390,5.357552,76.837491,6.645379,320.156212,176093659136,219.659632,168346.000000,1357.000000,137842.000000,437092530.213586,36472996377170788352.000000
42,0.023810,5.392317,77.768888,6.727553,324.037035,180388626432,226.477332,176652.000000,1440.000000,148176.000000,566337644.444530,109418989131512365056.000000
43,0.023256,5.426265,78.689262,6.808774,327.871926,184683593728,233.329384,185158.000000,1525.000000,159014.000000,730520333.030495,328256967394537046016.000000
44,0.022727,5.459432,79.598995,6.889074,331.662479,188978561024,240.214991,193864.000000,1612.000000,170368.000000,938247694.115958,984770902183611203584.000000
45,0.022222,5.491853,80.498447,6.968485,335.410197,193273528320,247.133389,202770.000000,1701.000000,182250.000000,1200052546.014570,2954312706550833610752.000000
46,0.021739,5.523562,81.387960,7.047036,339.116499,197568495616,254.083850,211876.000000,1792.000000,194672.000000,1528783198.797139,8862938119652501356544.000000
47,0.021277,5.554589,82.267855,7.124755,342.782730,201863462912,261.065676,221182.000000,1885.000000,207646.000000,1940064284.420898,26588814358957501972480.000000
48,0.020833,5.584963,83.138439,7.201667,346.410162,206158430208,268.078200,230688.000000,1980.000000,221184.000000,2452840257.137437,79766443076872514306048.000000
49,0.020408,5.614710,84.000000,7.277798,350.000000,210453397504,275.120782,240394.000000,2077.000000,235298.000000,3090014867.487506,239299329230617526140928.000000
50,0.020000,5.643856,84.852814,7.353172,353.553391,214748364800,282.192809,250300.000000,2176.000000,250000.000000,3879201823.113272,717897987691852578422784.000000
51,0.019608,5.672425,85.697141,7.427810,357.071421,219043332096,289.293692,260406.000000,2277.000000,265302.000000,4853604002.698648,2153693963075557735268352.000000
52,0.019231,5.700440,86.533231,7.501735,360.555128,223338299392,296.422865,270712.000000,2380.000000,281216.000000,6053041012.852460,6461081889226672937369600.000000
53,0.018868,5.727920,87.361319,7.574966,364.005494,227633266688,303.579784,281218.000000,2485.000000,297754.000000,7525147601.618924,19383245667680019885850624.000000
54,0.018519,5.754888,88.181631,7.647523,367.423461,231928233984,310.763925,291924.000000,2592.000000,314928.000000,9326768499.374613,58149737003040063952519168.000000
55,0.018182,5.781360,88.994382,7.719425,370.809924,236223201280,317.974784,302830.000000,2701.000000,332750.000000,11525578684.136219,174449211009120166087753728.000000
56,0.017857,5.807355,89.799777,7.790689,374.165739,240518168576,325.211876,313936.000000,2812.000000,351232.000000,14201961903.148504,523347633027360566982737920.000000
57,0.017544,5.832890,90.598013,7.861333,377.491722,244813135872,332.474731,325242.000000,2925.000000,370386.000000,17451184569.123379,1570042899082081632228737024.000000
58,0.017241,5.857981,91.389277,7.931371,380.788655,249108103168,339.762898,336748.000000,3040.000000,390224.000000,21385906934.717026,4710128697246244896686211072.000000
59,0.016949,5.882643,92.173749,8.000820,384.057287,253403070464,347.075940,348454.000000,3157.000000,410758.000000,26139078784.135380,14130386091738735239814447104.000000
60,0.016667,5.906891,92.951600,8.069695,387.298335,257698037760,354.413436,360360.000000,3276.000000,432000.000000,31867272822.158600,42391158275216203520420085760.000000
61,0.016393,5.930737,93.722996,8.138010,390.512484,261993005056,361.774978,372466.000000,3397.000000,453962.000000,38754515549.413361,127173474825648601765167235072.000000
62,0.016129,5.954196,94.488094,8.205778,393.700394,266287972352,369.160171,384772.000000,3520.000000,476656.000000,47016682754.831543,381520424476945858072059838464.000000
63,0.015873,5.977280,95.247047,8.273012,396.862697,270582939648,376.568635,397278.000000,3645.000000,500094.000000,56906534904.194740,1144561273430837433478691160064.000000
64,0.015625,6.000000,96.000000,8.339726,400.000000,274877906944,384.000000,409984.000000,3772.000000,524288.000000,68719476736.000000,3433683820292512441173561835520.000000
65,0.015385,6.022368,96.747093,8.405931,403.112887,279172874240,391.453908,422890.000000,3901.000000,549250.000000,82800135377.910553,10301051460877537886470638927872.000000
66,0.015152,6.044394,97.488461,8.471638,406.201920,283467841536,398.930012,435996.000000,4032.000000,574992.000000,99549862361.286392,30903154382632611407612103098368.000000
67,0.014925,6.066089,98.224233,8.536860,409.267639,287762808832,406.427976,449302.000000,4165.000000,601526.000000,119435277138.105331,92709463147897834222836309295104.000000
68,0.014706,6.087463,98.954535,8.601606,412.310563,292057776128,413.947473,462808.000000,4300.000000,628864.000000,142997983202.671326,278128389443693520682907437367296.000000
69,0.014493,6.108524,99.679486,8.665887,415.331193,296352743424,421.488188,476514.000000,4437.000000,657018.000000,170865602807.570282,834385168331080489991128274173952.000000
70,0.014286,6.129283,100.399203,8.729714,418.330013,300647710720,429.049811,490420.000000,4576.000000,686000.000000,203764292666.717010,2503155504993241614088572898377728.000000
71,0.014085,6.149747,101.113797,8.793095,421.307489,304942678016,436.632045,504526.000000,4717.000000,715822.000000,242532921095.686401,7509466514979724842265718695133184.000000
72,0.013889,6.169925,101.823376,8.856040,424.264069,309237645312,444.234600,518832.000000,4860.000000,746496.000000,288139106899.549438,22528399544939172220954146871705600.000000
73,0.013699,6.189825,102.528045,8.918558,427.200187,313532612608,451.857193,533338.000000,5005.000000,778034.000000,341697342141.748596,67585198634817525886234477469892608.000000
74,0.013514,6.209453,103.227903,8.980658,430.116263,317827579904,459.499549,548044.000000,5152.000000,810448.000000,404489444887.288086,202755595904452568435331395554902016.000000
75,0.013333,6.228819,103.923048,9.042349,433.012702,322122547200,467.161402,562950.000000,5301.000000,843750.000000,477987614296.600708,608266787713357742199482334083809280.000000
76,0.013158,6.247928,104.613575,9.103637,435.889894,326417514496,474.842491,578056.000000,5452.000000,877952.000000,563880389253.982544,1824800363140073226598447002251427840.000000
77,0.012987,6.266787,105.299573,9.164532,438.748219,330712481792,482.542564,593362.000000,5605.000000,913066.000000,664101843263.325806,5474401089420219384647435827401457664.000000
78,0.012821,6.285402,105.981130,9.225040,441.588043,335007449088,490.261373,608868.000000,5760.000000,949104.000000,780864382867.258179,16423203268260656973350686764793069568.000000
79,0.012658,6.303781,106.658333,9.285169,444.409721,339302416384,497.998679,624574.000000,5917.000000,986078.000000,916695554594.451172,49269609804781973281235301729201815552.000000
80,0.012500,6.321928,107.331263,9.344927,447.213595,343597383680,505.754248,640480.000000,6076.000000,1024000.000000,1074479306683.732788,147808829414345929288438870926895874048.000000
81,0.012346,6.339850,108.000000,9.404319,450.000000,347892350976,513.527850,656586.000000,6237.000000,1062882.000000,1257502196862.077637,443426488243037806754782544259268476928.000000
82,0.012195,6.357552,108.664622,9.463354,452.769257,352187318272,521.319264,672892.000000,6400.000000,1102736.000000,1469505086578.075928,1330279464729113344706483906863482011648.000000
83,0.012048,6.375039,109.325203,9.522036,455.521679,356482285568,529.128273,689398.000000,6565.000000,1143574.000000,1714740915646.343262,3990838394187339731887996816933152358400.000000
84,0.011905,6.392317,109.981817,9.580373,458.257569,360777252864,536.954664,706104.000000,6732.000000,1185408.000000,1998039209600.302002,11972515182562020404589810065428631781376.000000
85,0.011765,6.409391,110.634533,9.638371,460.977223,365072220160,544.798230,723010.000000,6901.000000,1228250.000000,2324878035563.612793,35917545547686061213769430196285895344128.000000
86,0.011628,6.426265,111.283422,9.696036,463.680925,369367187456,552.658769,740116.000000,7072.000000,1272112.000000,2701464191546.769043,107752636643058169134198455213307589558272.000000
87,0.011494,6.442943,111.928549,9.753373,466.368953,373662154752,560.536084,757422.000000,7245.000000,1317006.000000,3134822489193.732910,323257909929174546088221593308056359272448.000000
88,0.011364,6.459432,112.569978,9.810388,469.041576,377957122048,568.429982,774928.000000,7420.000000,1362944.000000,3632895071616.988770,969773729787523638264664779924169077817344.000000
89,0.011236,6.475733,113.207774,9.867086,471.699057,382252089344,576.340275,792634.000000,7597.000000,1409938.000000,4204651796570.445312,2909321189362571069536499250445041595842560.000000
90,0.011111,6.491853,113.841996,9.923473,474.341649,386547056640,584.266779,810540.000000,7776.000000,1458000.000000,4860212811359.010742,8727963568087711970669458465954849888403456.000000
91,0.010989,6.507795,114.472704,9.979553,476.969601,390842023936,592.209312,828646.000000,7957.000000,1507142.000000,5610984550145.731445,26183890704263137149948414683244824564334592.000000
92,0.010870,6.523562,115.099957,10.035333,479.583152,395136991232,600.167700,846952.000000,8140.000000,1557376.000000,6469810497309.495117,78551672112789411449845244049734473693003776.000000
93,0.010753,6.539159,115.723809,10.090816,482.182538,399431958528,608.141769,865458.000000,8325.000000,1608714.000000,7451138182883.638672,235655016338368244253056046432245620272005120.000000
94,0.010638,6.554589,116.344317,10.146008,484.767986,403726925824,616.131352,884164.000000,8512.000000,1661168.000000,8571204008571.528320,706965049015104732759168139296736860816015360.000000
95,0.010526,6.569856,116.961532,10.200913,487.339717,408021893120,624.136283,903070.000000,8701.000000,1714750.000000,9848237646135.273438,2120895147045314198277504417890210582448046080.000000
96,0.010417,6.584963,117.575508,10.255535,489.897949,412316860416,632.156400,922176.000000,8892.000000,1769472.000000,11302687904889.308594,6362685441135941961007213139555930998992535552.000000
97,0.010309,6.599913,118.186294,10.309879,492.442890,416611827712,640.191546,941482.000000,9085.000000,1825346.000000,12957472132446.736328,19088056323407825883021639418667792996977606656.000000
98,0.010204,6.614710,118.793939,10.363950,494.974747,420906795008,648.241565,960988.000000,9280.000000,1882384.000000,14838251393675.007812,57264168970223482719667319168920984977745641472.000000
99,0.010101,6.629357,119.398492,10.417750,497.493719,425201762304,656.306305,980694.000000,9477.000000,1940598.000000,16973733867978.308594,171792506910670448159001957506762954933236924416.000000
100,0.010000,6.643856,120.000000,10.471285,500.000000,429496729600,664.385619,1000600.000000,9676.000000,2000000.000000,19396009115566.359375,515377520732011324194596268868618440852459487232.000000
101,0.009901,6.658211,120.598507,10.524559,502.493781,433791696896,672.479360,1020706.000000,9877.000000,2060602.000000,22140916090385.347656,1546132562196034134843065635819218714135388749824.000000
102,0.009804,6.672425,121.194059,10.577574,504.975247,438086664192,680.587385,1041012.000000,10080.000000,2122416.000000,25248448022038.359375,4638397686588101755492089590604202576094125096960.000000
103,0.009709,6.686501,121.786699,10.630336,507.444578,442381631488,688.709554,1061518.000000,10285.000000,2185454.000000,28763197552546.371094,13915193059764305915513376088666061294594416443392.000000
104,0.009615,6.700440,122.376468,10.682847,509.901951,446676598784,696.845731,1082224.000000,10492.000000,2249728.000000,32734845797506.093750,41745579179292917746540128265998183883783249330176.000000
105,0.009524,6.714246,122.963409,10.735111,512.347538,450971566080,704.995779,1103130.000000,10701.000000,2315250.000000,37218699306492.414062,125236737537878753239620384797994551651349747990528.000000
106,0.009434,6.727920,123.547562,10.787132,514.781507,455266533376,713.159568,1124236.000000,10912.000000,2382032.000000,42276279225895.109375,375710212613636301257236022672604683198019877732352.000000
107,0.009346,6.741467,124.128965,10.838913,517.204022,459561500672,721.336968,1145542.000000,11125.000000,2450086.000000,47975967320368.843750,1127130637840908820694958331460571993106118365675520.000000
108,0.009259,6.754888,124.707658,10.890457,519.615242,463856467968,729.527850,1167048.000000,11340.000000,2519424.000000,54393713888352.726562,3381391913522726295931375521267231866342472561983488.000000
109,0.009174,6.768184,125.283678,10.941768,522.015325,468151435264,737.732091,1188754.000000,11557.000000,2590058.000000,61613813014483.601562,10144175740568178887794126563801695599027417685950464.000000
110,0.009091,6.781360,125.857062,10.992849,524.404424,472446402560,745.949568,1210660.000000,11776.000000,2662000.000000,69729751039024.148438,30432527221704537992610375476320959700889313338195968.000000
111,0.009009,6.794416,126.427845,11.043703,526.782688,476741369856,754.180161,1232766.000000,11997.000000,2735262.000000,78845134593689.046875,91297581665113608660919143289299387487439698893209600.000000
112,0.008929,6.807355,126.996063,11.094333,529.150262,481036337152,762.423751,1255072.000000,12220.000000,2809856.000000,89074705056547.390625,273892744995340825982757429867898162462319096679628800.000000
113,0.008850,6.820179,127.561750,11.144742,531.507291,485331304448,770.680223,1277578.000000,12445.000000,2885794.000000,100545446818262.296875,821678234986022563018864019838310353230609147980939264.000000
114,0.008772,6.832890,128.124939,11.194932,533.853913,489626271744,778.949462,1300284.000000,12672.000000,2963088.000000,113397797330163.687500,2465034704958067348774225138576467596317220012174606336.000000
115,0.008696,6.845490,128.685664,11.244908,536.190265,493921239040,787.231356,1323190.000000,12901.000000,3041750.000000,127786967524048.406250,7395104114874203067169776178544793179075482331828453376.000000
116,0.008621,6.857981,129.243955,11.294671,538.516481,498216206336,795.525795,1346296.000000,13132.000000,3121792.000000,143884381856776.125000,22185312344622607840379860851880525683728017268412514304.000000
117,0.008547,6.870365,129.799846,11.344224,540.832691,502511173632,803.832672,1369602.000000,13365.000000,3203226.000000,161879247942552.250000,66555937033867818076621711820626161637190332896946159616.000000
118,0.008475,6.882643,130.353366,11.393570,543.139025,506806140928,812.151880,1393108.000000,13600.000000,3286064.000000,181980266495150.562500,199667811101603465118900876931909315739558436507421245440.000000
119,0.008403,6.894818,130.904545,11.442712,545.435606,511101108224,820.483314,1416814.000000,13837.000000,3370318.000000,204417493114422.781250,599003433304810438912845596675851270530625060788594802688.000000
120,0.008333,6.906891,131.453414,11.491651,547.722558,515396075520,828.826871,1440720.000000,14076.000000,3456000.000000,229444364319541.937500,1797010299914431055401678994746813871720176674767798009856.000000
121,0.008264,6.918863,132.000000,11.540391,550.000000,519691042816,837.182452,1464826.000000,14317.000000,3543122.000000,257339901159062.718750,5391030899743293514654180711281428201656128034434042560512.000000
122,0.008197,6.930737,132.544332,11.588935,552.268051,523986010112,845.549955,1489132.000000,14560.000000,3631696.000000,288411104718734.312500,16173092699229880543962542133844284604968384103302127681536.000000
123,0.008130,6.942515,133.086438,11.637283,554.526825,528280977408,853.929284,1513638.000000,14805.000000,3721734.000000,322995558905973.000000,48519278097689641631887626401532853814905152309906383044608.000000
124,0.008065,6.954196,133.626345,11.685440,556.776436,532575944704,862.320342,1538344.000000,15052.000000,3813248.000000,361464257019144.812500,145557834293068930470849178837254346828645025091809525628928.000000
125,0.008000,6.965784,134.164079,11.733406,559.016994,536870912000,870.723036,1563250.000000,15301.000000,3906250.000000,404224669814607.187500,436673502879206746811057139450516757414498529978705564925952.000000
126,0.007937,6.977280,134.699666,11.781185,561.248608,541165879296,879.137270,1588356.000000,15552.000000,4000752.000000,451724074069497.937500,1310020508637620418839133006596535404529241771123008742621184.000000
127,0.007874,6.988685,135.233132,11.828778,563.471383,545460846592,887.562955,1613662.000000,15805.000000,4096766.000000,504453162008289.375000,3930061525912860721299514255054650816730486769808350084333568.000000
128,0.007812,7.000000,135.764502,11.876189,565.685425,549755813888,896.000000,1639168.000000,16060.000000,4194304.000000,562949953421312.000000,11790184577738582877522389118143892979334445034172618444374016.000000
129,0.007752,7.011227,136.293800,11.923418,567.890835,554050781184,904.448316,1664874.000000,16317.000000,4293378.000000,627804033859096.625000,35370553733215750059814860060391559996289304552012991715868672.000000
130,0.007692,7.022368,136.821051,11.970467,570.087713,558345748480,912.907816,1690780.000000,16576.000000,4394000.000000,699661143943344.125000,106111661199647244470453809357335155755724035858058429616619520.000000
131,0.007634,7.033423,137.346278,12.017340,572.276157,562640715776,921.378413,1716886.000000,16837.000000,4496182.000000,779228146599257.125000,318334983598941756247324511367363564199747618766097470973804544.000000
132,0.007576,7.044394,137.869504,12.064038,574.456265,566935683072,929.860024,1743192.000000,17100.000000,4599936.000000,867278400891527.000000,955004950796825314413899700692806886464393878682136777169305600.000000
133,0.007519,7.055282,138.390751,12.110563,576.628130,571230650368,938.352564,1769698.000000,17365.000000,4705274.000000,964657573143781.625000,2865014852390475760553994435715555883932577546511032874516348928.000000
134,0.007463,7.066089,138.910043,12.156917,578.791845,575525617664,946.855952,1796404.000000,17632.000000,4812208.000000,1072289918145909.375000,8595044557171426916286573974420938100876524460462343709565911040.000000
135,0.007407,7.076816,139.427400,12.203101,580.947502,579820584960,955.370106,1823310.000000,17901.000000,4920750.000000,1191185065512708.500000,25785133671514282210361359254165732506314406097670050784630276096.000000
136,0.007353,7.087463,139.942845,12.249119,583.095189,584115552256,963.894946,1850416.000000,18172.000000,5030912.000000,1322445348658304.250000,77355401014542849554087352424303033926312883725576191665755914240.000000
137,0.007299,7.098032,140.456399,12.294970,585.234996,588410519552,972.430395,1877722.000000,18445.000000,5142706.000000,1467273716402318.500000,232066203043628513586222761331239064890502665985936103254886711296.000000
138,0.007246,7.108524,140.968081,12.340658,587.367006,592705486848,980.976375,1905228.000000,18720.000000,5256144.000000,1626982269933684.250000,696198609130885587526720678582610577189422644878864938754501509120.000000
139,0.007194,7.118941,141.477913,12.386185,589.491306,597000454144,989.532809,1932934.000000,18997.000000,5371238.000000,1803001470736055.750000,2088595827392656856116266824925618496604097228478708074243187277824.000000
140,0.007143,7.129283,141.985915,12.431550,591.607978,601295421440,998.099622,1960840.000000,19276.000000,5488000.000000,1996890068133826.750000,6265787482177970568348800474776855489812291685436124222729561833472.000000
141,0.007092,7.139551,142.492105,12.476758,593.717104,605590388736,1006.676741,1988946.000000,19557.000000,5606442.000000,2210345798359969.750000,18797362446533911705046401424330566469436875056308372668188685500416.000000
142,0.007042,7.149747,142.996503,12.521808,595.818764,609885356032,1015.264091,2017252.000000,19840.000000,5726576.000000,2445216910486710.500000,56392087339601738108294557526680875889457162571872742259915904516096.000000
143,0.006993,7.159871,143.499129,12.566704,597.913037,614180323328,1023.861601,2045758.000000,20125.000000,5848414.000000,2703514578208447.000000,169176262018805190379640846550529215819199188492037232736948929429504.000000
144,0.006944,7.169925,144.000000,12.611446,600.000000,618475290624,1032.469200,2074464.000000,20412.000000,5971968.000000,2987426260334528.500000,507528786056415642974651017740127883005114463146854680339243140644864.000000
145,0.006897,7.179909,144.499135,12.656035,602.079729,622770257920,1041.086818,2103370.000000,20701.000000,6097250.000000,3299330076949873.000000,1522586358169246737362010444984276354221964995651916088675339148984320.000000
146,0.006849,7.189825,144.996552,12.700475,604.152299,627065225216,1049.714386,2132476.000000,20992.000000,6224272.000000,3641810272546757.000000,4567759074507740595209916551425043652252651774533044170710797992853504.000000
147,0.006803,7.199672,145.492268,12.744765,606.217783,631360192512,1058.351835,2161782.000000,21285.000000,6353046.000000,4017673842034041.500000,13703277223523221019381979221330701777584441748444540702762832886759424.000000
148,0.006757,7.209453,145.986301,12.788908,608.276253,635655159808,1066.999098,2191288.000000,21580.000000,6483584.000000,4429968400405580.500000,41109831670569664590641478529880963691100352395642805727027620843880448.000000
149,0.006711,7.219169,146.478667,12.832906,610.327781,639950127104,1075.656110,2220994.000000,21877.000000,6615898.000000,4882001382011029.000000,123329495011708987641942272126087457639912948585691682706126373797232640.000000
150,0.006667,7.228819,146.969385,12.876758,612.372436,644245094400,1084.322804,2250900.000000,22176.000000,6750000.000000,5377360660836756.000000,369988485035126987445755470232484106653291280162021986018205076329332736.000000
151,0.006623,7.238405,147.458469,12.920468,614.410286,648540061696,1092.999116,2281006.000000,22477.000000,6885902.000000,5919936688985596.000000,1109965455105380913297409102989008852492768971676172082254963319112728576.000000
152,0.006579,7.247928,147.945936,12.964036,616.441400,652835028992,1101.684982,2311312.000000,22780.000000,7023616.000000,6513946256662005.000000,3329896365316142936051656539800800427346726390268091749963497596839264256.000000
153,0.006536,7.257388,148.431803,13.007464,618.465844,657129996288,1110.380340,2341818.000000,23085.000000,7163154.000000,7163957983438056.000000,9989689095948427631198394234399758062829662319366822230698846953511321600.000000
154,0.006494,7.266787,148.916084,13.050753,620.483682,661424963584,1119.085127,2372524.000000,23392.000000,7304528.000000,7874919657416516.000000,29969067287845282893595182703199274188488986958100466692096540860533964800.000000
155,0.006452,7.276124,149.398795,13.093904,622.494980,665719930880,1127.799283,2403430.000000,23701.000000,7447750.000000,8652187546139101.000000,89907201863535848680785548109597822565466960874301400076289622581601894400.000000
156,0.006410,7.285402,149.879952,13.136920,624.499800,670014898176,1136.522746,2434536.000000,24012.000000,7592832.000000,9501557810728800.000000,269721605590607583704967056648878050711137421868902696843001534529012760576.000000
157,0.006369,7.294621,150.359569,13.179800,626.498204,674309865472,1145.255458,2465842.000000,24325.000000,7739786.000000,10429300162831284.000000,809164816771822650681273403759741930760781494284045432891317492162486075392.000000
158,0.006329,7.303781,150.837661,13.222547,628.490254,678604832768,1153.997358,2497348.000000,24640.000000,7888624.000000,11442193912447940.000000,2427494450315468152911075743653010235027606025497461613949326699336562638848.000000
159,0.006289,7.312883,151.314243,13.265161,630.476011,682899800064,1162.748390,2529054.000000,24957.000000,8039358.000000,12547566563759876.000000,7282483350946404860467738295706599590573341161783035472398728543707896741888.000000
160,0.006250,7.321928,151.789328,13.307645,632.455532,687194767360,1171.508495,2560960.000000,25276.000000,8192000.000000,13753335125551782.000000,21847450052839211367527126369139247687795838803023901372790198065538019622912.000000
161,0.006211,7.330917,152.262930,13.349998,634.428877,691489734656,1180.277617,2593066.000000,25597.000000,8346562.000000,15068050312880454.000000,65542350158517643744209644661359396315160070456047319251588556893371070676992.000000
162,0.006173,7.339850,152.735065,13.392223,636.396103,695784701952,1189.055700,2625372.000000,25920.000000,8503056.000000,16500943827224176.000000,196627050475552918377124579912155984609783472638841137577141720417770529619968.000000
163,0.006135,7.348728,153.205744,13.434320,638.357267,700079669248,1197.842689,2657878.000000,26245.000000,8661494.000000,18061978913522552.000000,589881151426658780842382447880312362500743895375125053086673061777996953681920.000000
164,0.006098,7.357552,153.674982,13.476290,640.312424,704374636544,1206.638529,2690584.000000,26572.000000,8821888.000000,19761904404301964.000000,1769643454279976136839077678490181818131083866456562036418035981136507942469632.000000
165,0.006061,7.366322,154.142791,13.518136,642.261629,708669603840,1215.443165,2723490.000000,26901.000000,8984250.000000,21612312473508864.000000,5308930362839929027581442030922811262506695058376125477780057556001972583137280.000000
166,0.006024,7.375039,154.609185,13.559857,644.204936,712964571136,1224.256546,2756596.000000,27232.000000,9148592.000000,23625700335775312.000000,15926791088519784614487490110959370555066311339102618959236374217636122726498304.000000
167,0.005988,7.383704,155.074176,13.601456,646.142399,717259538432,1233.078617,2789902.000000,27565.000000,9314926.000000,25815536140649996.000000,47780373265559360425480699617702280285075664246709876808652585187227821573931008.000000
168,0.005952,7.392317,155.537777,13.642933,648.074070,721554505728,1241.909327,2823408.000000,27900.000000,9483264.000000,28196329325879468.000000,143341119796678081276442098853106840855226992740129630425957755561683464721793024.000000
169,0.005917,7.400879,156.000000,13.684288,650.000000,725849473024,1250.748625,2857114.000000,28237.000000,9653618.000000,30783705709155628.000000,430023359390034217501253379420023848086174057302780811554099416547772580587634688.000000
170,0.005882,7.409391,156.460858,13.725525,651.920241,730144440320,1259.596459,2891020.000000,28576.000000,9826000.000000,33594487613894204.000000,1290070078170102757816051806817258242176549855578774753557393650192428996073881600.000000
171,0.005848,7.417853,156.920362,13.766642,653.834842,734439407616,1268.452780,2925126.000000,28917.000000,10000422.000000,36646779341609744.000000,3870210234510307641574405409108654539021483464713730347301608547282619462355779584.000000
172,0.005814,7.426265,157.378525,13.807642,655.743852,738734374912,1277.317538,2959432.000000,29260.000000,10176896.000000,39960058321359808.000000,11610630703530923767221549575783457200408671863504649593065588846240748421555159040.000000
173,0.005780,7.434628,157.835357,13.848525,657.647322,743029342208,1286.190683,2993938.000000,29605.000000,10355434.000000,43555272285574384.000000,34831892110592771301664648727350371601226015590513948779196766538722245264665477120.000000
174,0.005747,7.442943,158.290871,13.889292,659.545298,747324309504,1295.072168,3028644.000000,29952.000000,10536048.000000,47454942841414720.000000,104495676331778320644980612969711063470431818526449514746876405251309856069898993664.000000
175,0.005714,7.451211,158.745079,13.929945,661.437828,751619276800,1303.961945,3063550.000000,30301.000000,10718750.000000,51683275827677688.000000,313487028995334948454968505333813293077787912069533207422057004483643327657891856384.000000
176,0.005682,7.459432,159.197990,13.970484,663.324958,755914244096,1312.859965,3098656.000000,30652.000000,10903552.000000,56266278869203920.000000,940461086986004845364905516001439879233363736208599622266171013450929982973675569152.000000
177,0.005650,7.467606,159.649616,14.010911,665.206735,760209211392,1321.766182,3133962.000000,31005.000000,11090466.000000,61231886563840024.000000,2821383260958014536094716548004319637700091208625798866798513040352789948921026707456.000000
178,0.005618,7.475733,160.099969,14.051225,667.083203,764504178688,1330.680551,3169468.000000,31360.000000,11279504.000000,66610093761268984.000000,8464149782874044039643296318423195627772515018191487378589849881707529544420844109824.000000
179,0.005587,7.483816,160.549058,14.091429,668.954408,768799145984,1339.603024,3205174.000000,31717.000000,11470678.000000,72433097418549424.000000,25392449348622130393493302257628640024628579485318099022992306602525949842631476379648.000000
180,0.005556,7.491853,160.996894,14.131523,670.820393,773094113280,1348.533557,3241080.000000,32076.000000,11664000.000000,78735447544015968.000000,76177348045866394631353080168167813791263669594467023294531405892771127109156541038592.000000
181,0.005525,7.499846,161.443489,14.171508,672.681202,777389080576,1357.472106,3277186.000000,32437.000000,11859482.000000,85554207769384864.000000,228532044137599183894059240504503441373791008783401069883594217678313381327469623115776.000000
182,0.005495,7.507795,161.888851,14.211385,674.536878,781684047872,1366.418625,3313492.000000,32800.000000,12057136.000000,92929126119513616.000000,685596132412797524075192334351255174382349577242101399846346764353393923332311974150144.000000
183,0.005464,7.515700,162.332991,14.251155,676.387463,785979015168,1375.373070,3349998.000000,33165.000000,12256974.000000,100902816580373648.000000,2056788397238392461797635454404744924190954935293896960321296738333996887396548341661696.000000
184,0.005435,7.523562,162.775920,14.290818,678.232998,790273982464,1384.335400,3386704.000000,33532.000000,12459008.000000,109520952098455152.000000,6170365191715177827104672557810317168397239991611319837834864433906730192591195348140032.000000
185,0.005405,7.531381,163.217646,14.330376,680.073525,794568949760,1393.305570,3423610.000000,33901.000000,12663250.000000,118832469679132560.000000,18511095575145533481314017673430951505191719974833959513504593301720190577773586044420096.000000
186,0.005376,7.539159,163.658180,14.369829,681.909085,798863917056,1402.283539,3460716.000000,34272.000000,12869712.000000,128889788287521136.000000,55533286725436596910247923463524195348980158438664846885545986153922655490108355548020736.000000
187,0.005348,7.546894,164.097532,14.409178,683.739717,803158884352,1411.269264,3498022.000000,34645.000000,13078406.000000,139749040293153952.000000,166599860176309790730743770390572586046940475315994540656637958461767966470325066644062208.000000
188,0.005319,7.554589,164.535710,14.448425,685.565460,807453851648,1420.262704,3535528.000000,35020.000000,13289344.000000,151470317239476064.000000,499799580528929372192231311171717758140821425947983621969913875385303899410975199932186624.000000
189,0.005291,7.562242,164.972725,14.487569,687.386354,811748818944,1429.263818,3573234.000000,35397.000000,13502538.000000,164117930760763936.000000,1499398741586788286194012152240048914419024349164128385348195726215331677907120923888058368.000000
190,0.005263,7.569856,165.408585,14.526612,689.202438,816043786240,1438.272566,3611140.000000,35776.000000,13718000.000000,177760689512741696.000000,4498196224760364180112763581820564183270832762211675078290770778408315115024581475298181120.000000
191,0.005236,7.577429,165.843300,14.565554,691.013748,820338753536,1447.288906,3649246.000000,36157.000000,13935742.000000,192472193028946688.000000,13494588674281094349589685078527246043109139047383585442215822735858758461598494549537193984.000000
192,0.005208,7.584963,166.276878,14.604397,692.820323,824633720832,1456.312800,3687552.000000,36540.000000,14155776.000000,208331143462919712.000000,40483766022843284858020449568647291622624057902899316533990978608210088501320233772254232576.000000
193,0.005181,7.592457,166.709328,14.643140,694.622199,828928688128,1465.344208,3726058.000000,36925.000000,14378114.000000,225421676226639296.000000,121451298068529847337055771373679660894685610665703708772598894222095013037861700822192095232.000000
194,0.005155,7.599913,167.140659,14.681786,696.419414,833223655424,1474.383091,3764764.000000,37312.000000,14602768.000000,243833710588382720.000000,364353894205589556485178468785563410630429958083099607976544765871355544045783103455717490688.000000
195,0.005128,7.607330,167.570881,14.720334,698.212002,837518622720,1483.429411,3803670.000000,37701.000000,14829750.000000,263663321348522336.000000,1093061682616768495767401550382397096534812361217437044024657299153220572950973298497458012160.000000
196,0.005102,7.614710,168.000000,14.758785,700.000000,841813590016,1492.483129,3842776.000000,38092.000000,15059072.000000,285013132769709568.000000,3279185047850305950470561600411972983888377118403942545153910560021917876683255927144892596224.000000
197,0.005076,7.622052,168.428026,14.797140,701.783442,846108557312,1501.544208,3882082.000000,38485.000000,15290746.000000,307992735998626048.000000,9837555143550917388243327851971137257381191320460196222381793017503497472219431749782159228928.000000
198,0.005051,7.629357,168.854967,14.835400,703.562364,850403524608,1510.612611,3921588.000000,38880.000000,15524784.000000,332719131280110720.000000,29512665430652752164729983555913411772143573961380588667145379052510492416658295249346477686784.000000
199,0.005025,7.636625,169.280832,14.873565,705.336799,854698491904,1519.688299,3961294.000000,39277.000000,15761198.000000,359317196331066432.000000,88537996291958260199536806261858488870702242162154817306075646458029526512617574001259581538304.000000
200,0.005000,7.643856,169.705627,14.911636,707.106781,858993459200,1528.771238,4001200.000000,39676.000000,16000000.000000,387920182311327040.000000,265613988875874780598610418785575466612106726486464451918226939374088579537852722003778744614912.000000